"DESCRIPTION","DURATION IN MS","NAME","PARENT SUITE","START TIME","STATUS","STOP TIME","SUB SUITE","SUITE","TEST CLASS","TEST METHOD"
"
        Test the flow of generating a link and verifying it appears in the Links page.

        This test verifies that:
        1. User can generate a natural person link
        2. The link appears in the Links page table
        ","16823","Generate Link Functional Flow","tests","Thu Dec 25 17:00:08 UTC 2025","broken","Thu Dec 25 17:00:24 UTC 2025","TestWorkflowsPage","test_workflows_page","",""
"
        Test the flow of generating a link and verifying it appears in the Links page.

        This test verifies that:
        1. User can generate a natural person link
        2. The link appears in the Links page table
        ","5002","Generate Link Functional Flow","tests","Thu Dec 25 17:00:02 UTC 2025","passed","Thu Dec 25 17:00:07 UTC 2025","TestWorkflowsPage","test_workflows_page","",""
